row_no,report_rate,code_line,item_no,unit_form,unit_okei,name_nsi,note_x,footnotes,match
1,procurementOfSeedsOfFore1Kg,010,1.,кг,166,Заготовка семян лесных растений для лесовосстановления и лесоразведения,,4,точное
2,procurementOfSeedsOfFore2Kg,020,1.1.,кг,166,Заготовка семян лесных растений на объектах постоянной лесосеменной базы,,4,по номеру строки и единице (сходство 0.86)
3,preparationOfImprovedAnd3Kg,030,1.2.,кг,166,Заготовка улучшенных и сортовых семян лесных растений,,4,точное
4,creationOfForestSeedPlan4Ga,040,2.,га,059,Создание лесосеменных плантаций,,,точное
5,establishmentOfPermanent5Ga,050,3.,га,059,Создание постоянных лесосеменных участков,,,точное
6,selectionOfPlusForestPla6Ga,060,4.,га,059,Отбор плюсовых лесных насаждений,1,,точное
7,selectionOfPlusTrees7Pc,070,5.,шт.,796,Отбор плюсовых деревьев,1,,точное
8,creationOfMotherPlantati8Ga,080,6.,га,059,Создание маточных плантаций,,,точное
9,creationOfArchivesOfClon9Ga,090,7.,га,059,Создание архивов клонов плюсовых деревьев,,,точное
10,creationOfTestCultures10Ga,100,8.,га,059,Создание испытательных культур,,,точное
11,creationOfPopulationEcol11Ga,110,9.,га,059,Создание популяционно-экологических культур,,,точное
12,creationOfGeographicCult12Ga,120,10.,га,059,Создание географических культур,,,точное
13,cultivationOfStndPla13ThsndPic,130,11.,тыс.шт.,798,"Выращивание стандартного посадочного материала деревьев и кустарников для лесовосстановления и лесоразведения, всего",,6,точное
14,incldSeedling14ThousandPieces,131,11.1.,тыс.шт.,798,в том числе: сеянцев,,,точное
15,ofWhichConifer15ThousandPieces,132,,тыс.шт.,798,из них - хвойных пород,,4,точное
16,seedWitGaClosedRoot16ThsndPic,133,11.1.1.,тыс.шт.,798,сеянцев с закрытой корневой системой,,4,точное
17,ofWhichConifer17ThousandPieces,134,,тыс.шт.,798,из них - хвойных пород,,4,точное
18,incldFromSeedsWithIm18ThndPics,135,11.1.2.,тыс.шт.,798,в том числе из семян с улучшенными наследственными свойствами,,4,по номеру строки и единице (сходство 0.94)
19,ofWhichConifer19ThousandPieces,136,,тыс.шт.,798,из них - хвойных пород,,4,точное
20,incldiSeedling20ThousandPieces,137,11.2.,тыс.шт.,798,в том числе: саженцев,,4,точное
21,ofWhichConifer21ThousandPieces,138,,тыс.шт.,798,из них - хвойных пород,,4,точное
22,incldThoseWithImprov22ThsndPcs,139,11.2.1.,тыс.шт.,798,В том числе саженцев с улучшенными наследственными свойствами,,4,точное
23,ofWhichConifer23ThousandPieces,170,,тыс.шт.,798,из них - хвойных пород,,4,точное
24,sowingSeedsInNurseriesTo24Kg,180,12.,кг,166,"Посев семян в питомниках, всего",,4,по номеру строки и единице (сходство 0.90)
25,sowingSeedsInNurseriesTo25Ga,180,12.,га,059,"Посев семян в питомниках, всего",,4,по номеру строки и единице (сходство 0.90)
26,includingSowingImprovedS26Kg,181,12.1.,кг,166,в том числе: посев улучшенных семян лесных растений,,4,точное
27,includingSowingImprovedS27Ga,181,12.1.,га,059,в том числе: посев улучшенных семян лесных растений,,4,точное
28,varietalSeedsOfForestPla28Kg,182,12.2.,кг,166,сортовых семян лесных растений,,4,точное
29,varietalSeedsOfForestPla29Ga,182,12.2.,га,059,сортовых семян лесных растений,,4,точное
30,reforestationTotal30Ga,190,13.,га,059,"Лесовосстановление, всего",,,точное
31,includingArtificial31Ga,191,13.1.,га,059,в том числе: искусственное лесовосстановление,,,точное
32,fromItPlantingForestCrop32Ga,192,13.1.1,га,059,"из него - посадка лесных культур, всего",,5,точное
33,includingPlantingOfFores33Ga,193,13.1.1.1.,га,059,в том числе посадка лесных культур с использованием улучшенного посадочного материала,,5,точное
34,includingPlantingOfFores34Ga,194,13.1.1.2.,га,059,в том числе посадка лесных культур посадочным материалом с закрытой корневой системой,,5,точное
35,fromItPlantingForestCrop35Ga,195,13.1.1.2.1,га,059,из него посадка лесных культур с использованием улучшенного посадочного материала с закрытой корневой системой,,5,точное
36,sowingForestCropsTotal36Ga,196,13.1.2.,га,059,"посев лесных культур, всего",,4,точное
37,includingSowingForestCro37Ga,197,13.1.2.1.,га,059,в том числе посев лесных культур с использованием улучшенных семян,,4,точное
38,combined38Ga,198,13.2.,га,059,комбинированное лесовосстановление,,,точное
39,fromItPlantingForestCrop39Ga,199,13.2.1.,га,059,"из него - посадка лесных культур, всего",,,точное
40,includingPlantingOfFores40Ga,200,13.2.1.1.,га,059,в том числе посадка лесных культур с использованием улучшенного посадочного материала,,,точное
41,includingPlantingOfFores41Ga,201,13.2.1.2.,га,059,в том числе посадка лесных культур посадочным материалом с закрытой корневой системой,,5,точное
42,includingPlantingOfFores42Ga,202,13.2.1.2.1,га,059,в том числе посадка лесных культур с использованием улучшенного посадочного материала с закрытой корневой системой,,5,точное
43,sowingForestCropsTotal43Ga,203,13.2.2.,га,059,"посев лесных культур, всего",,4,точное
44,includingSowingForestCro44Ga,204,13.2.2.1.,га,059,в том числе посев лесных культур с использованием улучшенных семян,,4,точное
45,natural45Ga,205,13.3.,га,059,естественное лесовосстановление,1,,точное
46,preservationOfUndergrowt46Ga,206,13.3.1.,га,059,сохранение подроста лесных древесных пород при проведении рубок лесных насаждений,1,,точное
47,soilSurfaceMineralizatio47Ga,207,13.3.2.,га,059,минерализация поверхности почвы,1,,точное
48,supplementForestCrops48Ga,210,14.,га,059,Дополнение лесных культур,,,точное
49,fromItPlantingForestCrop49Ga,211,14.1.,га,059,"из него - посадка лесных культур, всего",,5,точное
50,includingPlantingOfFores50Ga,212,14.1.1.,га,059,в том числе посадка лесных культур с использованием улучшенного посадочного материала,,5,точное
51,includingPlantingOfFores51Ga,213,14.1.2.,га,059,в том числе посадка лесных культур посадочным материалом с закрытой корневой системой,,5,точное
52,includingPlantingOfFores52Ga,214,14.1.2.1.,га,059,в том числе посадка лесных культур с использованием улучшенного посадочного материала с закрытой корневой системой,,5,точное
53,careOfForestCropsInTerms53Ga,220,15.,га,059,"Уход за лесными культурами в переводе на однократный, всего",1,,точное
54,includingManual54Ga,221,15.1.,га,059,в том числе: ручным способом,1,,точное
55,mecGanizedWay55Ga,222,15.2.,га,059,механизированным способом,1,,точное
56,byChemicalMeans56Ga,223,15.3.,га,059,химическим способом,1,,точное
57,soilPreparationForForest57Ga,230,16.,га,059,"Подготовка почвы под лесные культуры, всего",1,,точное
58,includingUnderForestCult58Ga,231,16.1.,га,059,в том числе - под лесные культуры будущего года,1,,точное
59,preparationOfTheForestAr59Ga,240,17.,га,059,Подготовка лесного участка для лесовосстановления,1,,точное
60,includingClearing60Ga,241,17.1.,га,059,в том числе расчистка,1,,точное
61,uprooting61Ga,242,17.2.,га,059,раскорчевка,1,,точное
62,reclamationWorks62Ga,,18.,га,059,Лесомелиоративные работы,1,,точное
63,forestCareTotal63Ga,250,19.,га,059,"Уход за лесами, всего",1,,точное
65,includingCareForYoungAni65Ga,252,,га,059,"в том числе: уход за молодняками (осветление, прочистка)",1,,точное
67,thinning67Ga,254,,га,059,прореживание,1,,точное
69,passingCabin69Ga,256,,га,059,проходная рубка,1,,точное
71,reconstructionInMiddleAg71Ga,258,,га,059,"реконструкция в средневозрастных, приспевающих, спелых и перестойных малоценных лесных насаждениях",1,,точное
73,renewalOfForestPlantatio73Ga,260,,га,059,обновление лесных насаждений (рубка обновления),1,,точное
75,landscapeFormationLandsc75Ga,262,,га,059,Формирования ландшафта (ландшафтная рубка),1,,по номеру строки и единице (сходство 0.97)
77,reformation77Ga,264,,га,059,переформирование,1,,точное
79,reconstructionOfYoungAni79Ga,266,,га,059,Реконструкция молодняков,1,,точное
80,afforestationTotal80Ga,270,20.,га,059,"Лесоразведение, всего",,,точное
81,includingOnForestFundLan81Ga,271,20.1.,га,059,в том числе лесоразведение на землях лесного фонда,,,точное
82,fromItPlantingForestCrop82Ga,272,20.1.1.,га,059,"из него - посадка лесных культур, всего",,5,точное
83,includingPlantingOfFores83Ga,273,20.1.1.1.,га,059,в том числе посадка лесных культур с использованием улучшенного посадочного материала,,5,точное
84,includingPlantingOfFores84Ga,274,20.1.1.2.,га,059,в том числе посадка лесных культур посадочным материалом с закрытой корневой системой,,5,точное
85,fromItPlantingForestCrop85Ga,275,20.1.1.2.1,га,059,из него посадка лесных культур с использованием улучшенного посадочного материала с закрытой корневой системой,,5,точное
86,sowingForestCropsTotal86Ga,276,20.1.2.,га,059,"посев лесных культур, всего",,4,точное
87,includingSowingForestCro87Ga,277,20.1.2.1.,га,059,в том числе посев лесных культур с использованием улучшенных семян,,4,точное
88,careOfForestPlantationsD88Ga,280,21.,га,059,"Уход за лесными культурами при лесоразведении в переводе на однократный, всего",1,,точное
89,includingManual89Ga,281,21.1.,га,059,в том числе: ручным способом,1,,точное
90,mecGanizedWay90Ga,282,21.2.,га,059,механизированным способом,1,,точное
91,byChemicalMeans91Ga,283,21.3.,га,059,химическим способом,1,,точное
92,soilPreparationForAffore92Ga,290,22.,га,059,"Подготовка почвы под лесоразведение, всего",1,,точное
93,commissioningAcceptanceO93Ga,300,23.,га,059,"Ввод (приемка) в эксплуатацию лесных насаждений, созданных при лесоразведении",1,,точное
94,reconstructionOfForestPl94Ga,310,24.,га,059,Реконструкция лесных насаждений,1,,точное
95,forestCropsTransferredTo95Ga,330,25.,га,059,"Отнесено земель, предназначенных для лесовосстановления, к землям, на которых расположены леса",1,,точное
96,youngGrowthsWereIntroduc96Ga,320,26.,га,059,Введено молодняков в категорию хозяйственно-ценных древесных насаждений,1,,точное
